{"v":"5.6.2","fr":30,"ip":0,"op":32,"w":700,"h":500,"nm":"Comp 1","ddd":0,"assets":[{"id":"image_0","w":235,"h":198,"u":"images/","p":"img_0.png","e":0}],"layers":[{"ddd":0,"ind":1,"ty":2,"nm":"arrow.png","cl":"png","refId":"image_0","sr":1,"ks":{"o":{"a":0,"k":100,"ix":11},"r":{"a":0,"k":0,"ix":10},"p":{"a":1,"k":[{"i":{"x":0.833,"y":0.833},"o":{"x":0.167,"y":0.167},"t":0,"s":[237,238,0],"to":[35.5,0,0],"ti":[0,0,0]},{"i":{"x":0.833,"y":0.833},"o":{"x":0.167,"y":0.167},"t":15,"s":[450,238,0],"to":[0,0,0],"ti":[35.5,0,0]},{"t":32,"s":[237,238,0]}],"ix":2},"a":{"a":0,"k":[117.5,99,0],"ix":1},"s":{"a":0,"k":[191.915,190.909,100],"ix":6}},"ao":0,"ip":0,"op":900,"st":0,"bm":0}],"markers":[]}