{
  "project_info": {
    "project_number": "868741407839",
    "firebase_url": "https://admob-app-id-7252308654.firebaseio.com",
    "project_id": "admob-app-id-7252308654",
    "storage_bucket": "admob-app-id-7252308654.appspot.com"
  },
  "client": [
    {
      "client_info": {
        "mobilesdk_app_id": "1:868741407839:android:435c6b4f39666b61",
        "android_client_info": {
          "package_name": "devesh.b.pharm.guide.mu"
        }
      },
      "oauth_client": [
        {
          "client_id": "868741407839-m378973mtc3215kelt2332i5lt5a994h.apps.googleusercontent.com",
          "client_type": 1,
          "android_info": {
            "package_name": "devesh.b.pharm.guide.mu",
            "certificate_hash": "06c1298111e582c3baffa29b3ba7a446436daf57"
          }
        },
        {
          "client_id": "868741407839-ndr91qo9887vh4tdbibvmbn1kpc863e6.apps.googleusercontent.com",
          "client_type": 1,
          "android_info": {
            "package_name": "devesh.b.pharm.guide.mu",
            "certificate_hash": "cba7d35e5efdba1429c02b60642e66e12f29e332"
          }
        },
        {
          "client_id": "868741407839-tubqsvl5sfi1cmdu99okt0hptmlugni6.apps.googleusercontent.com",
          "client_type": 1,
          "android_info": {
            "package_name": "devesh.b.pharm.guide.mu",
            "certificate_hash": "5429bf527bba01820cf6c12a0bfbc45b3e998f7f"
          }
        },
        {
          "client_id": "868741407839-cpf86amg5l8pq0hu2go732pc9kke5mo9.apps.googleusercontent.com",
          "client_type": 3
        }
      ],
      "api_key": [
        {
          "current_key": "AIzaSyD5AtH0ec19Zr0qLo317S9LxwLwCwwSY_I"
        }
      ],
      "services": {
        "appinvite_service": {
          "other_platform_oauth_client": [
            {
              "client_id": "868741407839-cpf86amg5l8pq0hu2go732pc9kke5mo9.apps.googleusercontent.com",
              "client_type": 3
            }
          ]
        }
      },
      "admob_app_id": "ca-app-pub-6702661245453687~6086706651"
    },
    {
      "client_info": {
        "mobilesdk_app_id": "1:868741407839:android:7a60bb4050708ef3",
        "android_client_info": {
          "package_name": "devesh.b.pharm.guide.premium"
        }
      },
      "oauth_client": [
        {
          "client_id": "868741407839-beaf140nbejbk7r6e27kokaqcagtqbip.apps.googleusercontent.com",
          "client_type": 1,
          "android_info": {
            "package_name": "devesh.b.pharm.guide.premium",
            "certificate_hash": "cba7d35e5efdba1429c02b60642e66e12f29e332"
          }
        },
        {
          "client_id": "868741407839-cpf86amg5l8pq0hu2go732pc9kke5mo9.apps.googleusercontent.com",
          "client_type": 3
        }
      ],
      "api_key": [
        {
          "current_key": "AIzaSyD5AtH0ec19Zr0qLo317S9LxwLwCwwSY_I"
        }
      ],
      "services": {
        "appinvite_service": {
          "other_platform_oauth_client": [
            {
              "client_id": "868741407839-cpf86amg5l8pq0hu2go732pc9kke5mo9.apps.googleusercontent.com",
              "client_type": 3
            }
          ]
        }
      }
    },
    {
      "client_info": {
        "mobilesdk_app_id": "1:868741407839:android:2caf6596577fdc2d",
        "android_client_info": {
          "package_name": "devesh.ephrine.apps.dreamjournal"
        }
      },
      "oauth_client": [
        {
          "client_id": "868741407839-85t135pj8toovo0d5udijqctr39lmp3u.apps.googleusercontent.com",
          "client_type": 1,
          "android_info": {
            "package_name": "devesh.ephrine.apps.dreamjournal",
            "certificate_hash": "cba7d35e5efdba1429c02b60642e66e12f29e332"
          }
        },
        {
          "client_id": "868741407839-cpf86amg5l8pq0hu2go732pc9kke5mo9.apps.googleusercontent.com",
          "client_type": 3
        }
      ],
      "api_key": [
        {
          "current_key": "AIzaSyD5AtH0ec19Zr0qLo317S9LxwLwCwwSY_I"
        }
      ],
      "services": {
        "appinvite_service": {
          "other_platform_oauth_client": [
            {
              "client_id": "868741407839-cpf86amg5l8pq0hu2go732pc9kke5mo9.apps.googleusercontent.com",
              "client_type": 3
            }
          ]
        }
      },
      "admob_app_id": "ca-app-pub-6702661245453687~5898655214"
    },
    {
      "client_info": {
        "mobilesdk_app_id": "1:868741407839:android:ce4655e496efe3e3",
        "android_client_info": {
          "package_name": "devesh.ephrine.apps.dreamjournal.pro"
        }
      },
      "oauth_client": [
        {
          "client_id": "868741407839-k0p6su9u4f6eea865qkviqpja6dhado7.apps.googleusercontent.com",
          "client_type": 1,
          "android_info": {
            "package_name": "devesh.ephrine.apps.dreamjournal.pro",
            "certificate_hash": "cba7d35e5efdba1429c02b60642e66e12f29e332"
          }
        },
        {
          "client_id": "868741407839-cpf86amg5l8pq0hu2go732pc9kke5mo9.apps.googleusercontent.com",
          "client_type": 3
        }
      ],
      "api_key": [
        {
          "current_key": "AIzaSyD5AtH0ec19Zr0qLo317S9LxwLwCwwSY_I"
        }
      ],
      "services": {
        "appinvite_service": {
          "other_platform_oauth_client": [
            {
              "client_id": "868741407839-cpf86amg5l8pq0hu2go732pc9kke5mo9.apps.googleusercontent.com",
              "client_type": 3
            }
          ]
        }
      }
    },
    {
      "client_info": {
        "mobilesdk_app_id": "1:868741407839:android:b72d956a971f050b6067ea",
        "android_client_info": {
          "package_name": "devesh.ephrine.backup.sms"
        }
      },
      "oauth_client": [
        {
          "client_id": "868741407839-6s26jmtmfoci8ir0rhhjcgull2cd5rai.apps.googleusercontent.com",
          "client_type": 1,
          "android_info": {
            "package_name": "devesh.ephrine.backup.sms",
            "certificate_hash": "06c1298111e582c3baffa29b3ba7a446436daf57"
          }
        },
        {
          "client_id": "868741407839-cpf86amg5l8pq0hu2go732pc9kke5mo9.apps.googleusercontent.com",
          "client_type": 3
        }
      ],
      "api_key": [
        {
          "current_key": "AIzaSyD5AtH0ec19Zr0qLo317S9LxwLwCwwSY_I"
        }
      ],
      "services": {
        "appinvite_service": {
          "other_platform_oauth_client": [
            {
              "client_id": "868741407839-cpf86amg5l8pq0hu2go732pc9kke5mo9.apps.googleusercontent.com",
              "client_type": 3
            }
          ]
        }
      }
    },
    {
      "client_info": {
        "mobilesdk_app_id": "1:868741407839:android:6328e3d7cae12ab1",
        "android_client_info": {
          "package_name": "devesh.ephrine.depression.self.diagnosis"
        }
      },
      "oauth_client": [
        {
          "client_id": "868741407839-r1sfrni2t5dn8vkfe2carsnj6g37mbta.apps.googleusercontent.com",
          "client_type": 1,
          "android_info": {
            "package_name": "devesh.ephrine.depression.self.diagnosis",
            "certificate_hash": "06c1298111e582c3baffa29b3ba7a446436daf57"
          }
        },
        {
          "client_id": "868741407839-sb2agucpfppe64c60smqd1of47uhfu4i.apps.googleusercontent.com",
          "client_type": 1,
          "android_info": {
            "package_name": "devesh.ephrine.depression.self.diagnosis",
            "certificate_hash": "431662419165de2ee33edf6aebf70f72883dee1f"
          }
        },
        {
          "client_id": "868741407839-42fn03pmu7ct66n2o2g6ehh1phhkgled.apps.googleusercontent.com",
          "client_type": 1,
          "android_info": {
            "package_name": "devesh.ephrine.depression.self.diagnosis",
            "certificate_hash": "cba7d35e5efdba1429c02b60642e66e12f29e332"
          }
        },
        {
          "client_id": "868741407839-cpf86amg5l8pq0hu2go732pc9kke5mo9.apps.googleusercontent.com",
          "client_type": 3
        }
      ],
      "api_key": [
        {
          "current_key": "AIzaSyD5AtH0ec19Zr0qLo317S9LxwLwCwwSY_I"
        }
      ],
      "services": {
        "appinvite_service": {
          "other_platform_oauth_client": [
            {
              "client_id": "868741407839-cpf86amg5l8pq0hu2go732pc9kke5mo9.apps.googleusercontent.com",
              "client_type": 3
            }
          ]
        }
      },
      "admob_app_id": "ca-app-pub-6702661245453687~6790548653"
    },
    {
      "client_info": {
        "mobilesdk_app_id": "1:868741407839:android:980983d50d6e78556067ea",
        "android_client_info": {
          "package_name": "devesh.ephrine.ebooks"
        }
      },
      "oauth_client": [
        {
          "client_id": "868741407839-gafdukqo6crq6j2vq1s2apivgnfdavn7.apps.googleusercontent.com",
          "client_type": 1,
          "android_info": {
            "package_name": "devesh.ephrine.ebooks",
            "certificate_hash": "f9a568b4ca933bc0e69ea777f7bdbe571ea7518a"
          }
        },
        {
          "client_id": "868741407839-jftchg1du8lo9f1mnp03vbgv4d6llnk3.apps.googleusercontent.com",
          "client_type": 1,
          "android_info": {
            "package_name": "devesh.ephrine.ebooks",
            "certificate_hash": "1720d9f80ae5f73df4dcca50d3568feb7adf0f59"
          }
        },
        {
          "client_id": "868741407839-cpf86amg5l8pq0hu2go732pc9kke5mo9.apps.googleusercontent.com",
          "client_type": 3
        }
      ],
      "api_key": [
        {
          "current_key": "AIzaSyD5AtH0ec19Zr0qLo317S9LxwLwCwwSY_I"
        }
      ],
      "services": {
        "appinvite_service": {
          "other_platform_oauth_client": [
            {
              "client_id": "868741407839-cpf86amg5l8pq0hu2go732pc9kke5mo9.apps.googleusercontent.com",
              "client_type": 3
            }
          ]
        }
      },
      "admob_app_id": "ca-app-pub-6702661245453687~9351419219"
    },
    {
      "client_info": {
        "mobilesdk_app_id": "1:868741407839:android:f1a57922cbda63e4",
        "android_client_info": {
          "package_name": "devesh.ephrine.ir"
        }
      },
      "oauth_client": [
        {
          "client_id": "868741407839-kjh8st48r8lol4jahqrqcvao63eip00m.apps.googleusercontent.com",
          "client_type": 1,
          "android_info": {
            "package_name": "devesh.ephrine.ir",
            "certificate_hash": "5429bf527bba01820cf6c12a0bfbc45b3e998f7f"
          }
        },
        {
          "client_id": "868741407839-e4ur2b1t9ovb91qjtua2t30ku10ifr74.apps.googleusercontent.com",
          "client_type": 1,
          "android_info": {
            "package_name": "devesh.ephrine.ir",
            "certificate_hash": "c0e58456ae61e74eeb4932fd68c2155dfd060e84"
          }
        },
        {
          "client_id": "868741407839-cpf86amg5l8pq0hu2go732pc9kke5mo9.apps.googleusercontent.com",
          "client_type": 3
        }
      ],
      "api_key": [
        {
          "current_key": "AIzaSyD5AtH0ec19Zr0qLo317S9LxwLwCwwSY_I"
        }
      ],
      "services": {
        "appinvite_service": {
          "other_platform_oauth_client": [
            {
              "client_id": "868741407839-cpf86amg5l8pq0hu2go732pc9kke5mo9.apps.googleusercontent.com",
              "client_type": 3
            }
          ]
        }
      },
      "admob_app_id": "ca-app-pub-6702661245453687~7252308654"
    },
    {
      "client_info": {
        "mobilesdk_app_id": "1:868741407839:android:afd2013e94f42948",
        "android_client_info": {
          "package_name": "devesh.ephrine.ir.pro"
        }
      },
      "oauth_client": [
        {
          "client_id": "868741407839-pa0kocjai3mvgn5bnt7stksi0srbtlk8.apps.googleusercontent.com",
          "client_type": 1,
          "android_info": {
            "package_name": "devesh.ephrine.ir.pro",
            "certificate_hash": "5429bf527bba01820cf6c12a0bfbc45b3e998f7f"
          }
        },
        {
          "client_id": "868741407839-cpf86amg5l8pq0hu2go732pc9kke5mo9.apps.googleusercontent.com",
          "client_type": 3
        }
      ],
      "api_key": [
        {
          "current_key": "AIzaSyD5AtH0ec19Zr0qLo317S9LxwLwCwwSY_I"
        }
      ],
      "services": {
        "appinvite_service": {
          "other_platform_oauth_client": [
            {
              "client_id": "868741407839-cpf86amg5l8pq0hu2go732pc9kke5mo9.apps.googleusercontent.com",
              "client_type": 3
            }
          ]
        }
      }
    },
    {
      "client_info": {
        "mobilesdk_app_id": "1:868741407839:android:88fa13370c1c2c38",
        "android_client_info": {
          "package_name": "devesh.ephrine.mediatation.music"
        }
      },
      "oauth_client": [
        {
          "client_id": "868741407839-cpf86amg5l8pq0hu2go732pc9kke5mo9.apps.googleusercontent.com",
          "client_type": 3
        }
      ],
      "api_key": [
        {
          "current_key": "AIzaSyD5AtH0ec19Zr0qLo317S9LxwLwCwwSY_I"
        }
      ],
      "services": {
        "appinvite_service": {
          "other_platform_oauth_client": [
            {
              "client_id": "868741407839-cpf86amg5l8pq0hu2go732pc9kke5mo9.apps.googleusercontent.com",
              "client_type": 3
            }
          ]
        }
      },
      "admob_app_id": "ca-app-pub-6702661245453687~5900031054"
    },
    {
      "client_info": {
        "mobilesdk_app_id": "1:868741407839:android:5ef7af4504e16f97",
        "android_client_info": {
          "package_name": "devesh.ephrine.panchakarma"
        }
      },
      "oauth_client": [
        {
          "client_id": "868741407839-c89c9m6v7k0rlnnaco59drihct1sgjo2.apps.googleusercontent.com",
          "client_type": 1,
          "android_info": {
            "package_name": "devesh.ephrine.panchakarma",
            "certificate_hash": "06c1298111e582c3baffa29b3ba7a446436daf57"
          }
        },
        {
          "client_id": "868741407839-cpf86amg5l8pq0hu2go732pc9kke5mo9.apps.googleusercontent.com",
          "client_type": 3
        }
      ],
      "api_key": [
        {
          "current_key": "AIzaSyD5AtH0ec19Zr0qLo317S9LxwLwCwwSY_I"
        }
      ],
      "services": {
        "appinvite_service": {
          "other_platform_oauth_client": [
            {
              "client_id": "868741407839-cpf86amg5l8pq0hu2go732pc9kke5mo9.apps.googleusercontent.com",
              "client_type": 3
            }
          ]
        }
      },
      "admob_app_id": "ca-app-pub-6702661245453687~3319152548"
    },
    {
      "client_info": {
        "mobilesdk_app_id": "1:868741407839:android:67a32d16c535d5e36067ea",
        "android_client_info": {
          "package_name": "devesh.ephrine.pocketbucks"
        }
      },
      "oauth_client": [
        {
          "client_id": "868741407839-pr55dpfaf3r6tj2q06difrlthfpfat3b.apps.googleusercontent.com",
          "client_type": 1,
          "android_info": {
            "package_name": "devesh.ephrine.pocketbucks",
            "certificate_hash": "06c1298111e582c3baffa29b3ba7a446436daf57"
          }
        },
        {
          "client_id": "868741407839-cpf86amg5l8pq0hu2go732pc9kke5mo9.apps.googleusercontent.com",
          "client_type": 3
        }
      ],
      "api_key": [
        {
          "current_key": "AIzaSyD5AtH0ec19Zr0qLo317S9LxwLwCwwSY_I"
        }
      ],
      "services": {
        "appinvite_service": {
          "other_platform_oauth_client": [
            {
              "client_id": "868741407839-cpf86amg5l8pq0hu2go732pc9kke5mo9.apps.googleusercontent.com",
              "client_type": 3
            }
          ]
        }
      }
    },
    {
      "client_info": {
        "mobilesdk_app_id": "1:868741407839:android:28b50b2393a028ad",
        "android_client_info": {
          "package_name": "devesh.ephrine.qr.code"
        }
      },
      "oauth_client": [
        {
          "client_id": "868741407839-cpf86amg5l8pq0hu2go732pc9kke5mo9.apps.googleusercontent.com",
          "client_type": 3
        }
      ],
      "api_key": [
        {
          "current_key": "AIzaSyD5AtH0ec19Zr0qLo317S9LxwLwCwwSY_I"
        }
      ],
      "services": {
        "appinvite_service": {
          "other_platform_oauth_client": [
            {
              "client_id": "868741407839-cpf86amg5l8pq0hu2go732pc9kke5mo9.apps.googleusercontent.com",
              "client_type": 3
            }
          ]
        }
      }
    },
    {
      "client_info": {
        "mobilesdk_app_id": "1:868741407839:android:9a4794005e391559",
        "android_client_info": {
          "package_name": "devesh.ephrine.qr.code.pro"
        }
      },
      "oauth_client": [
        {
          "client_id": "868741407839-cpf86amg5l8pq0hu2go732pc9kke5mo9.apps.googleusercontent.com",
          "client_type": 3
        }
      ],
      "api_key": [
        {
          "current_key": "AIzaSyD5AtH0ec19Zr0qLo317S9LxwLwCwwSY_I"
        }
      ],
      "services": {
        "appinvite_service": {
          "other_platform_oauth_client": [
            {
              "client_id": "868741407839-cpf86amg5l8pq0hu2go732pc9kke5mo9.apps.googleusercontent.com",
              "client_type": 3
            }
          ]
        }
      }
    },
    {
      "client_info": {
        "mobilesdk_app_id": "1:868741407839:android:b4c5008b2fba3745",
        "android_client_info": {
          "package_name": "devesh.ephrine.rexi"
        }
      },
      "oauth_client": [
        {
          "client_id": "868741407839-cpf86amg5l8pq0hu2go732pc9kke5mo9.apps.googleusercontent.com",
          "client_type": 3
        }
      ],
      "api_key": [
        {
          "current_key": "AIzaSyD5AtH0ec19Zr0qLo317S9LxwLwCwwSY_I"
        }
      ],
      "services": {
        "appinvite_service": {
          "other_platform_oauth_client": [
            {
              "client_id": "868741407839-cpf86amg5l8pq0hu2go732pc9kke5mo9.apps.googleusercontent.com",
              "client_type": 3
            }
          ]
        }
      },
      "admob_app_id": "ca-app-pub-6702661245453687~3036471054"
    },
    {
      "client_info": {
        "mobilesdk_app_id": "1:868741407839:android:06053502df0044ed",
        "android_client_info": {
          "package_name": "devesh.ephrine.selfhypnosis"
        }
      },
      "oauth_client": [
        {
          "client_id": "868741407839-cpf86amg5l8pq0hu2go732pc9kke5mo9.apps.googleusercontent.com",
          "client_type": 3
        }
      ],
      "api_key": [
        {
          "current_key": "AIzaSyD5AtH0ec19Zr0qLo317S9LxwLwCwwSY_I"
        }
      ],
      "services": {
        "appinvite_service": {
          "other_platform_oauth_client": [
            {
              "client_id": "868741407839-cpf86amg5l8pq0hu2go732pc9kke5mo9.apps.googleusercontent.com",
              "client_type": 3
            }
          ]
        }
      },
      "admob_app_id": "ca-app-pub-6702661245453687~1348451450"
    },
    {
      "client_info": {
        "mobilesdk_app_id": "1:868741407839:android:9f794bcb88bc931e",
        "android_client_info": {
          "package_name": "devesh.ephrine.virtuallsd"
        }
      },
      "oauth_client": [
        {
          "client_id": "868741407839-htr6dmohiln7fvoaiblvhcuc8qnlei3v.apps.googleusercontent.com",
          "client_type": 1,
          "android_info": {
            "package_name": "devesh.ephrine.virtuallsd",
            "certificate_hash": "cba7d35e5efdba1429c02b60642e66e12f29e332"
          }
        },
        {
          "client_id": "868741407839-m77jl3pb0pejdvlaihcv8k91643tcb27.apps.googleusercontent.com",
          "client_type": 1,
          "android_info": {
            "package_name": "devesh.ephrine.virtuallsd",
            "certificate_hash": "5429bf527bba01820cf6c12a0bfbc45b3e998f7f"
          }
        },
        {
          "client_id": "868741407839-cpf86amg5l8pq0hu2go732pc9kke5mo9.apps.googleusercontent.com",
          "client_type": 3
        }
      ],
      "api_key": [
        {
          "current_key": "AIzaSyD5AtH0ec19Zr0qLo317S9LxwLwCwwSY_I"
        }
      ],
      "services": {
        "appinvite_service": {
          "other_platform_oauth_client": [
            {
              "client_id": "868741407839-cpf86amg5l8pq0hu2go732pc9kke5mo9.apps.googleusercontent.com",
              "client_type": 3
            }
          ]
        }
      },
      "admob_app_id": "ca-app-pub-6702661245453687~7321012252"
    },
    {
      "client_info": {
        "mobilesdk_app_id": "1:868741407839:android:ffcfa2c5fdfe28f1",
        "android_client_info": {
          "package_name": "devesh.ephrine.virtuallsd.pro"
        }
      },
      "oauth_client": [
        {
          "client_id": "868741407839-k2g5n3td49uachqk1b2k3f2q6lc4e69f.apps.googleusercontent.com",
          "client_type": 1,
          "android_info": {
            "package_name": "devesh.ephrine.virtuallsd.pro",
            "certificate_hash": "cba7d35e5efdba1429c02b60642e66e12f29e332"
          }
        },
        {
          "client_id": "868741407839-va1frjke6qsjcdkl13opbhb6rf3mkgab.apps.googleusercontent.com",
          "client_type": 1,
          "android_info": {
            "package_name": "devesh.ephrine.virtuallsd.pro",
            "certificate_hash": "5429bf527bba01820cf6c12a0bfbc45b3e998f7f"
          }
        },
        {
          "client_id": "868741407839-cpf86amg5l8pq0hu2go732pc9kke5mo9.apps.googleusercontent.com",
          "client_type": 3
        }
      ],
      "api_key": [
        {
          "current_key": "AIzaSyD5AtH0ec19Zr0qLo317S9LxwLwCwwSY_I"
        }
      ],
      "services": {
        "appinvite_service": {
          "other_platform_oauth_client": [
            {
              "client_id": "868741407839-cpf86amg5l8pq0hu2go732pc9kke5mo9.apps.googleusercontent.com",
              "client_type": 3
            }
          ]
        }
      }
    },
    {
      "client_info": {
        "mobilesdk_app_id": "1:868741407839:android:3ef72184363ca7b5",
        "android_client_info": {
          "package_name": "devesh.ephrine.yogic.cure"
        }
      },
      "oauth_client": [
        {
          "client_id": "868741407839-cpf86amg5l8pq0hu2go732pc9kke5mo9.apps.googleusercontent.com",
          "client_type": 3
        }
      ],
      "api_key": [
        {
          "current_key": "AIzaSyD5AtH0ec19Zr0qLo317S9LxwLwCwwSY_I"
        }
      ],
      "services": {
        "appinvite_service": {
          "other_platform_oauth_client": [
            {
              "client_id": "868741407839-cpf86amg5l8pq0hu2go732pc9kke5mo9.apps.googleusercontent.com",
              "client_type": 3
            }
          ]
        }
      },
      "admob_app_id": "ca-app-pub-6702661245453687~6913158651"
    },
    {
      "client_info": {
        "mobilesdk_app_id": "1:868741407839:android:14854bac3673c4ef",
        "android_client_info": {
          "package_name": "devesh.iboot"
        }
      },
      "oauth_client": [
        {
          "client_id": "868741407839-hbj2vm3ovv1gnb238q0jm69e7ke4lck6.apps.googleusercontent.com",
          "client_type": 1,
          "android_info": {
            "package_name": "devesh.iboot",
            "certificate_hash": "cba7d35e5efdba1429c02b60642e66e12f29e332"
          }
        },
        {
          "client_id": "868741407839-cpf86amg5l8pq0hu2go732pc9kke5mo9.apps.googleusercontent.com",
          "client_type": 3
        }
      ],
      "api_key": [
        {
          "current_key": "AIzaSyD5AtH0ec19Zr0qLo317S9LxwLwCwwSY_I"
        }
      ],
      "services": {
        "appinvite_service": {
          "other_platform_oauth_client": [
            {
              "client_id": "868741407839-cpf86amg5l8pq0hu2go732pc9kke5mo9.apps.googleusercontent.com",
              "client_type": 3
            }
          ]
        }
      },
      "admob_app_id": "ca-app-pub-6702661245453687~7481531455"
    },
    {
      "client_info": {
        "mobilesdk_app_id": "1:868741407839:android:c186e166b9cfbdfd",
        "android_client_info": {
          "package_name": "devesh.medic.dose"
        }
      },
      "oauth_client": [
        {
          "client_id": "868741407839-cpf86amg5l8pq0hu2go732pc9kke5mo9.apps.googleusercontent.com",
          "client_type": 3
        }
      ],
      "api_key": [
        {
          "current_key": "AIzaSyD5AtH0ec19Zr0qLo317S9LxwLwCwwSY_I"
        }
      ],
      "services": {
        "appinvite_service": {
          "other_platform_oauth_client": [
            {
              "client_id": "868741407839-cpf86amg5l8pq0hu2go732pc9kke5mo9.apps.googleusercontent.com",
              "client_type": 3
            }
          ]
        }
      },
      "admob_app_id": "ca-app-pub-6702661245453687~9516667851"
    }
  ],
  "configuration_version": "1"
}