{"v":"5.6.2","fr":30,"ip":0,"op":61,"w":500,"h":500,"nm":"Comp 1","ddd":0,"assets":[{"id":"image_0","w":606,"h":708,"u":"images/","p":"img_0.png","e":0}],"layers":[{"ddd":0,"ind":1,"ty":2,"nm":"sync arrow.png","cl":"png","refId":"image_0","sr":1,"ks":{"o":{"a":0,"k":100,"ix":11},"r":{"a":1,"k":[{"i":{"x":[0.833],"y":[0.833]},"o":{"x":[0.167],"y":[0.167]},"t":0,"s":[0]},{"t":61,"s":[360]}],"ix":10},"p":{"a":0,"k":[244,264,0],"ix":2},"a":{"a":0,"k":[303,354,0],"ix":1},"s":{"a":0,"k":[62.7,60.601,100],"ix":6}},"ao":0,"ip":0,"op":900,"st":0,"bm":0}],"markers":[]}