{"v":"5.6.2","fr":30,"ip":0,"op":42,"w":500,"h":500,"nm":"Comp 1","ddd":0,"assets":[{"id":"image_0","w":600,"h":600,"u":"images/","p":"img_0.png","e":0}],"layers":[{"ddd":0,"ind":1,"ty":2,"nm":"1651746-yes-checkpng-yes-png-600_600.png","cl":"png","refId":"image_0","sr":1,"ks":{"o":{"a":0,"k":100,"ix":11},"r":{"a":0,"k":0,"ix":10},"p":{"a":0,"k":[246,250,0],"ix":2},"a":{"a":0,"k":[300,300,0],"ix":1},"s":{"a":0,"k":[79.333,66,100],"ix":6}},"ao":0,"ef":[{"ty":5,"nm":"Linear Wipe","np":5,"mn":"ADBE Linear Wipe","ix":1,"en":1,"ef":[{"ty":0,"nm":"Transition Completion","mn":"ADBE Linear Wipe-0001","ix":1,"v":{"a":1,"k":[{"i":{"x":[0.833],"y":[0.833]},"o":{"x":[0.167],"y":[0.167]},"t":0,"s":[100]},{"t":30.0498046875,"s":[0]}],"ix":1}},{"ty":0,"nm":"Wipe Angle","mn":"ADBE Linear Wipe-0002","ix":2,"v":{"a":0,"k":-90,"ix":2}},{"ty":0,"nm":"Feather","mn":"ADBE Linear Wipe-0003","ix":3,"v":{"a":0,"k":0,"ix":3}}]}],"ip":0,"op":900,"st":0,"bm":0}],"markers":[]}