{"v":"5.6.2","fr":30,"ip":0,"op":60,"w":1080,"h":1920,"nm":"Comp 1","ddd":0,"assets":[{"id":"image_0","w":1024,"h":1024,"u":"images/","p":"img_0.png","e":0},{"id":"image_1","w":1024,"h":1024,"u":"images/","p":"img_1.png","e":0},{"id":"image_2","w":1024,"h":1024,"u":"images/","p":"img_2.png","e":0},{"id":"image_3","w":1024,"h":1024,"u":"images/","p":"img_3.png","e":0}],"fonts":{"list":[{"fName":"FranklinGothic-Heavy","fFamily":"Franklin Gothic Heavy","fStyle":"Regular","ascent":66.69921875}]},"layers":[{"ddd":0,"ind":1,"ty":5,"nm":"SMS Drive","sr":1,"ks":{"o":{"a":1,"k":[{"i":{"x":[0.833],"y":[0.833]},"o":{"x":[0.167],"y":[0.167]},"t":20,"s":[0]},{"t":41,"s":[100]}],"ix":11},"r":{"a":0,"k":0,"ix":10},"p":{"a":0,"k":[256,1595.958,0],"ix":2},"a":{"a":0,"k":[0,0,0],"ix":1},"s":{"a":0,"k":[100,100,100],"ix":6}},"ao":0,"t":{"d":{"k":[{"s":{"s":118,"f":"FranklinGothic-Heavy","t":"SMS Drive","j":0,"tr":0,"lh":141.6,"ls":0,"fc":[0,0.584,0.796]},"t":0}]},"p":{},"m":{"g":1,"a":{"a":0,"k":[0,0],"ix":2}},"a":[]},"ip":0,"op":900,"st":0,"bm":0},{"ddd":0,"ind":2,"ty":2,"nm":"msg.png","cl":"png","refId":"image_0","sr":1,"ks":{"o":{"a":1,"k":[{"i":{"x":[0.833],"y":[0.833]},"o":{"x":[0.167],"y":[0.167]},"t":19,"s":[100]},{"t":20,"s":[0]}],"ix":11},"r":{"a":0,"k":0,"ix":10},"p":{"a":0,"k":[542,966.313,0],"ix":2},"a":{"a":0,"k":[512,512,0],"ix":1},"s":{"a":0,"k":[100,100,100],"ix":6}},"ao":0,"ip":0,"op":118,"st":0,"bm":0},{"ddd":0,"ind":3,"ty":2,"nm":"icon1024px.png","cl":"png","refId":"image_1","sr":1,"ks":{"o":{"a":1,"k":[{"i":{"x":[0.833],"y":[0.833]},"o":{"x":[0.167],"y":[0.167]},"t":19,"s":[0]},{"t":20,"s":[100]}],"ix":11},"r":{"a":0,"k":0,"ix":10},"p":{"a":0,"k":[540,968,0],"ix":2},"a":{"a":0,"k":[512,512,0],"ix":1},"s":{"a":0,"k":[100,100,100],"ix":6}},"ao":0,"ip":0,"op":117,"st":0,"bm":0},{"ddd":0,"ind":4,"ty":2,"nm":"icon L.png","cl":"png","refId":"image_2","sr":1,"ks":{"o":{"a":1,"k":[{"i":{"x":[0.833],"y":[0.833]},"o":{"x":[0.167],"y":[0.167]},"t":19,"s":[100]},{"t":20,"s":[0]}],"ix":11},"r":{"a":0,"k":0,"ix":10},"p":{"a":1,"k":[{"i":{"x":0.833,"y":0.833},"o":{"x":0.167,"y":0.167},"t":0,"s":[-19,972,0],"to":[92.5,0,0],"ti":[-92.5,0,0]},{"t":19,"s":[536,972,0]}],"ix":2},"a":{"a":0,"k":[512,512,0],"ix":1},"s":{"a":0,"k":[100,100,100],"ix":6}},"ao":0,"ip":0,"op":117,"st":0,"bm":0},{"ddd":0,"ind":5,"ty":2,"nm":"icon R.png","cl":"png","refId":"image_3","sr":1,"ks":{"o":{"a":1,"k":[{"i":{"x":[0.833],"y":[0.833]},"o":{"x":[0.167],"y":[0.167]},"t":19,"s":[100]},{"t":20,"s":[0]}],"ix":11},"r":{"a":0,"k":0,"ix":10},"p":{"a":1,"k":[{"i":{"x":0.833,"y":0.833},"o":{"x":0.167,"y":0.167},"t":0,"s":[1088,972,0],"to":[-92,0,0],"ti":[92,0,0]},{"t":19,"s":[536,972,0]}],"ix":2},"a":{"a":0,"k":[512,512,0],"ix":1},"s":{"a":0,"k":[100,100,100],"ix":6}},"ao":0,"ip":0,"op":162,"st":0,"bm":0}],"markers":[],"chars":[{"ch":"S","size":118,"style":"Regular","w":60.74,"data":{"shapes":[{"ty":"gr","it":[{"ind":0,"ty":"sh","ix":1,"ks":{"a":0,"k":{"i":[[-16.244,0],[-5.469,4.185],[0,6.743],[2.245,3.143],[3.354,1.298],[7.977,1.687],[1.009,0.684],[0,1.237],[-4.46,0],[-1.758,-4.459],[0,0],[13.574,0],[4.768,-4.168],[0,-6.284],[-3.32,-3.614],[-11.688,-2.24],[-1.189,-0.797],[0,-1.432],[5.143,0],[1.595,5.371],[0,0]],"o":[[8.887,0],[5.469,-4.185],[0,-4.267],[-2.245,-3.143],[-3.354,-1.297],[-2.898,-0.616],[-1.009,-0.684],[0,-2.766],[5.371,0],[0,0],[-4.362,-10.905],[-8.952,0],[-4.769,4.168],[0,4.884],[3.319,3.615],[3.06,0.617],[1.188,0.798],[0,2.734],[-6.609,0],[0,0],[3.809,13.542]],"v":[[29.004,1.025],[50.537,-5.253],[58.74,-21.646],[55.373,-32.762],[46.976,-39.423],[29.981,-43.9],[24.121,-45.85],[22.607,-48.73],[29.297,-52.881],[39.99,-46.191],[56.934,-51.318],[30.029,-67.676],[9.448,-61.423],[2.295,-45.746],[7.274,-32.998],[29.784,-24.216],[36.157,-22.095],[37.939,-18.75],[30.225,-14.648],[17.92,-22.705],[-1.074,-19.287]],"c":true},"ix":2},"nm":"S","mn":"ADBE Vector Shape - Group","hd":false}],"nm":"S","np":3,"cix":2,"bm":0,"ix":1,"mn":"ADBE Vector Group","hd":false}]},"fFamily":"Franklin Gothic Heavy"},{"ch":"M","size":118,"style":"Regular","w":84.08,"data":{"shapes":[{"ty":"gr","it":[{"ind":0,"ty":"sh","ix":1,"ks":{"a":0,"k":{"i":[[0,0],[0,0],[0,0],[0,0],[0,0],[0,0],[0,0],[0,0],[0,0],[0,0],[0,0],[0,0],[0,0]],"o":[[0,0],[0,0],[0,0],[0,0],[0,0],[0,0],[0,0],[0,0],[0,0],[0,0],[0,0],[0,0],[0,0]],"v":[[51.44,-66.65],[42.212,-31.25],[32.544,-66.65],[5.811,-66.65],[5.811,0],[21.143,0],[21.143,-47.656],[33.96,0],[46.948,0],[59.277,-47.656],[59.277,0],[78.271,0],[78.271,-66.65]],"c":true},"ix":2},"nm":"M","mn":"ADBE Vector Shape - Group","hd":false}],"nm":"M","np":3,"cix":2,"bm":0,"ix":1,"mn":"ADBE Vector Group","hd":false}]},"fFamily":"Franklin Gothic Heavy"},{"ch":" ","size":118,"style":"Regular","w":25,"data":{},"fFamily":"Franklin Gothic Heavy"},{"ch":"D","size":118,"style":"Regular","w":67.92,"data":{"shapes":[{"ty":"gr","it":[{"ind":0,"ty":"sh","ix":1,"ks":{"a":0,"k":{"i":[[0,0],[-5.974,6.234],[0,9.961],[5.566,6.641],[11.198,0],[0,0],[0,0]],"o":[[9.538,0],[5.973,-6.233],[0,-8.723],[-5.566,-6.641],[0,0],[0,0],[0,0]],"v":[[32.861,0],[56.128,-9.351],[65.088,-33.643],[56.738,-56.689],[31.592,-66.65],[5.811,-66.65],[5.811,0]],"c":true},"ix":2},"nm":"D","mn":"ADBE Vector Shape - Group","hd":false},{"ind":1,"ty":"sh","ix":2,"ks":{"a":0,"k":{"i":[[0,0],[0,0],[-2.068,-3.516],[0,-4.85],[2.327,-3.288],[3.385,0],[0,0]],"o":[[0,0],[3.906,0],[2.067,3.516],[0,5.664],[-2.328,3.288],[0,0],[0,0]],"v":[[26.27,-51.514],[31.592,-51.514],[40.552,-46.24],[43.652,-33.691],[40.161,-20.264],[31.592,-15.332],[26.27,-15.332]],"c":true},"ix":2},"nm":"D","mn":"ADBE Vector Shape - Group","hd":false}],"nm":"D","np":5,"cix":2,"bm":0,"ix":1,"mn":"ADBE Vector Group","hd":false}]},"fFamily":"Franklin Gothic Heavy"},{"ch":"r","size":118,"style":"Regular","w":38.13,"data":{"shapes":[{"ty":"gr","it":[{"ind":0,"ty":"sh","ix":1,"ks":{"a":0,"k":{"i":[[0,0],[-6.445,0],[-1.367,-0.325],[0,0],[0.684,0],[1.855,-7.454],[0,0],[0,0],[0,0],[0,0]],"o":[[0,-7.194],[1.074,0],[0,0],[-1.205,-0.13],[-6.771,0],[0,0],[0,0],[0,0],[0,0],[0,0]],"v":[[23.779,-22.754],[33.447,-33.545],[37.109,-33.057],[37.109,-50.391],[34.277,-50.586],[21.338,-39.404],[21.338,-49.658],[5.127,-49.658],[5.127,0],[23.779,0]],"c":true},"ix":2},"nm":"r","mn":"ADBE Vector Shape - Group","hd":false}],"nm":"r","np":3,"cix":2,"bm":0,"ix":1,"mn":"ADBE Vector Group","hd":false}]},"fFamily":"Franklin Gothic Heavy"},{"ch":"i","size":118,"style":"Regular","w":29.74,"data":{"shapes":[{"ty":"gr","it":[{"ind":0,"ty":"sh","ix":1,"ks":{"a":0,"k":{"i":[[0,0],[0,0],[0,0],[0,0]],"o":[[0,0],[0,0],[0,0],[0,0]],"v":[[5.127,-68.75],[5.127,-53.32],[24.609,-53.32],[24.609,-68.75]],"c":true},"ix":2},"nm":"i","mn":"ADBE Vector Shape - Group","hd":false},{"ind":1,"ty":"sh","ix":2,"ks":{"a":0,"k":{"i":[[0,0],[0,0],[0,0],[0,0]],"o":[[0,0],[0,0],[0,0],[0,0]],"v":[[5.127,-49.658],[5.127,0],[24.609,0],[24.609,-49.658]],"c":true},"ix":2},"nm":"i","mn":"ADBE Vector Shape - Group","hd":false}],"nm":"i","np":5,"cix":2,"bm":0,"ix":1,"mn":"ADBE Vector Group","hd":false}]},"fFamily":"Franklin Gothic Heavy"},{"ch":"v","size":118,"style":"Regular","w":50.63,"data":{"shapes":[{"ty":"gr","it":[{"ind":0,"ty":"sh","ix":1,"ks":{"a":0,"k":{"i":[[0,0],[0,0],[0.064,-0.13],[0.162,-0.586],[0.587,1.725],[0,0],[0,0],[0,0],[0,0],[0,0]],"o":[[0,0],[-0.357,1.106],[-0.324,0.912],[-0.458,-1.692],[0,0],[0,0],[0,0],[0,0],[0,0],[0,0]],"v":[[37,-49.658],[29.706,-27.542],[29.074,-25.687],[28.345,-23.441],[26.776,-28.568],[19.667,-49.658],[-0.354,-49.658],[18.25,0],[32.801,0],[50.989,-49.658]],"c":true},"ix":2},"nm":"v","mn":"ADBE Vector Shape - Group","hd":false}],"nm":"v","np":3,"cix":2,"bm":0,"ix":1,"mn":"ADBE Vector Group","hd":false}]},"fFamily":"Franklin Gothic Heavy"},{"ch":"e","size":118,"style":"Regular","w":58.64,"data":{"shapes":[{"ty":"gr","it":[{"ind":0,"ty":"sh","ix":1,"ks":{"a":0,"k":{"i":[[4.231,0],[1.041,1.514],[0.065,3.125],[0,0],[0,0.684],[4.899,4.818],[7.942,0],[4.915,-5.11],[0,-7.422],[-4.98,-4.834],[-8.366,0],[-4.411,3.435],[-1.074,4.883],[0,0]],"o":[[-2.93,0],[-1.042,-1.514],[0,0],[0.032,-1.204],[0,-8.301],[-4.9,-4.817],[-8.203,0],[-4.916,5.111],[0,7.162],[4.98,4.834],[7.52,0],[4.411,-3.434],[0,0],[-0.749,4.07]],"v":[[30.469,-11.719],[24.512,-13.989],[22.852,-20.947],[56.104,-20.947],[56.152,-23.779],[48.804,-43.457],[29.541,-50.684],[9.863,-43.018],[2.49,-24.219],[9.961,-6.226],[29.98,1.025],[47.876,-4.126],[56.104,-16.602],[37.939,-17.822]],"c":true},"ix":2},"nm":"e","mn":"ADBE Vector Shape - Group","hd":false},{"ind":1,"ty":"sh","ix":2,"ks":{"a":0,"k":{"i":[[0,0],[-4.607,0],[-1.314,-1.155],[-0.033,-3.352]],"o":[[0,-5.664],[1.945,0],[1.314,1.156],[0,0]],"v":[[22.803,-30.713],[29.712,-39.209],[34.602,-37.476],[36.621,-30.713]],"c":true},"ix":2},"nm":"e","mn":"ADBE Vector Shape - Group","hd":false}],"nm":"e","np":5,"cix":2,"bm":0,"ix":1,"mn":"ADBE Vector Group","hd":false}]},"fFamily":"Franklin Gothic Heavy"}]}